product,Animal,Ascent,Body Nutrition,Bodybuilding.com Signature,Convenient Nutrition,Dymatize,Isopure,Kaged Muscle,MuscleTech,Optimum Nutrition,PEScience,Pro Supps,Quest Nutrition,Universal Nutrition,Vega
Animal,-2.459461,0.006601,0.074149,0.110693,0.000001,0.092662,0.038805,0.080727,0.317479,0.913096,0.010140,0.008862,0.000307,0.031370,0.164130
Ascent,0.057408,-3.005036,0.074149,0.110693,0.000001,0.092662,0.038805,0.080727,0.317479,0.913096,0.010140,0.008862,0.000307,0.031370,0.164130
Body Nutrition,0.057408,0.006601,-3.174118,0.110693,0.000001,0.092662,0.038805,0.080727,0.317479,0.913096,0.010140,0.008862,0.000307,0.031370,0.164130
Bodybuilding.com Signature,0.057408,0.006601,0.074149,-1.298323,0.000001,0.092662,0.038805,0.080727,0.317479,0.913096,0.010140,0.008862,0.000307,0.031370,0.164130
Convenient Nutrition,0.000107,0.000012,0.000139,0.000207,-4.282469,0.000173,0.000073,0.000151,0.000594,0.134721,0.000019,0.000017,4.314842,0.000059,0.000307
Dymatize,0.057408,0.006601,0.074149,0.110693,0.000001,-1.821879,0.038805,0.080727,0.317479,0.913096,0.010140,0.008862,0.000307,0.031370,0.164130
Isopure,0.057408,0.006601,0.074149,0.110693,0.000001,0.092662,-4.059173,0.080727,0.317479,0.913096,0.010140,0.008862,0.000307,0.031370,0.164130
Kaged Muscle,0.057408,0.006601,0.074149,0.110693,0.000001,0.092662,0.038805,-2.221025,0.317479,0.913096,0.010140,0.008862,0.000307,0.031370,0.164130
MuscleTech,0.057408,0.006601,0.074149,0.110693,0.000001,0.092662,0.038805,0.080727,-2.780205,0.913096,0.010140,0.008862,0.000307,0.031370,0.164130
Optimum Nutrition,0.057293,0.006588,0.074000,0.110472,0.000041,0.092477,0.038728,0.080565,0.316845,-1.085294,0.010120,0.008844,0.008946,0.031307,0.163802
PEScience,0.057408,0.006601,0.074149,0.110693,0.000001,0.092662,0.038805,0.080727,0.317479,0.913096,-2.399170,0.008862,0.000307,0.031370,0.164130
Pro Supps,0.057408,0.006601,0.074149,0.110693,0.000001,0.092662,0.038805,0.080727,0.317479,0.913096,0.010140,-1.561492,0.000307,0.031370,0.164130
Quest Nutrition,0.000107,0.000012,0.000139,0.000207,0.019871,0.000173,0.000073,0.000151,0.000594,0.134721,0.000019,0.000017,-1.063083,0.000059,0.000307
Universal Nutrition,0.057408,0.006601,0.074149,0.110693,0.000001,0.092662,0.038805,0.080727,0.317479,0.913096,0.010140,0.008862,0.000307,-1.323867,0.164130
Vega,0.057408,0.006601,0.074149,0.110693,0.000001,0.092662,0.038805,0.080727,0.317479,0.913096,0.010140,0.008862,0.000307,0.031370,-8.475564
