product,Allmax Nutrition,BSN,Dymatize,FINAFLEX,Garden Of Life,Grenade,Isopure,MuscleMeds,ONE,OhYeah! Nutrition,PEScience,Primeval Labs,Quest Nutrition,Xtend
Allmax Nutrition,-2.387440,0.583019,0.364635,0.033398,0.000008,0.000102,0.224745,0.535026,0.000032,0.000722,0.035667,0.004554,0.000037,0.077625
BSN,0.106908,-2.559066,0.301188,0.027587,0.006784,0.087342,0.185639,0.441930,0.027362,0.616487,0.029461,0.003762,0.031804,0.064118
Dymatize,0.129429,0.583019,-2.582467,0.033398,0.000008,0.000102,0.224745,0.535026,0.000032,0.000722,0.035667,0.004554,0.000037,0.077625
FINAFLEX,0.129429,0.583019,0.364635,-1.866424,0.000008,0.000102,0.224745,0.535026,0.000032,0.000722,0.035667,0.004554,0.000037,0.077625
Garden Of Life,0.000069,1.058756,0.000194,0.000018,-8.027957,0.501210,0.000120,0.000285,0.157017,3.537690,0.000019,0.000002,0.182503,0.000041
Grenade,0.000069,1.058756,0.000194,0.000018,0.038930,-4.080782,0.000120,0.000285,0.157017,3.537690,0.000019,0.000002,0.182503,0.000041
Isopure,0.129429,0.583019,0.364635,0.033398,0.000008,0.000102,-3.432244,0.535026,0.000032,0.000722,0.035667,0.004554,0.000037,0.077625
MuscleMeds,0.129429,0.583019,0.364635,0.033398,0.000008,0.000102,0.224745,-1.433295,0.000032,0.000722,0.035667,0.004554,0.000037,0.077625
ONE,0.000069,1.058756,0.000194,0.000018,0.038930,0.501210,0.000120,0.000285,-5.048814,3.537690,0.000019,0.000002,0.182503,0.000041
OhYeah! Nutrition,0.000069,1.058756,0.000194,0.000018,0.038930,0.501210,0.000120,0.000285,0.157017,-3.281518,0.000019,0.000002,0.182503,0.000041
PEScience,0.129429,0.583019,0.364635,0.033398,0.000008,0.000102,0.224745,0.535026,0.000032,0.000722,-2.373643,0.004554,0.000037,0.077625
Primeval Labs,0.129429,0.583019,0.364635,0.033398,0.000008,0.000102,0.224745,0.535026,0.000032,0.000722,0.035667,-3.071619,0.000037,0.077625
Quest Nutrition,0.000069,1.058756,0.000194,0.000018,0.038930,0.501210,0.000120,0.000285,0.157017,3.537690,0.000019,0.000002,-6.120424,0.000041
Xtend,0.129429,0.583019,0.364635,0.033398,0.000008,0.000102,0.224745,0.535026,0.000032,0.000722,0.035667,0.004554,0.000037,-2.073545
