item,value
n_observations,861
price_coefficient,-0.363263
price_std_error,0.088373
price_coefficient_logspec,-0.740690
sigma,0.831132
sigma_std_error,0.047382
sigma_logspec,0.822306
r_squared,0.805890
mean_own_elasticity,-3.452536
mean_own_elasticity_powders,-3.091334
mean_own_elasticity_bars,-5.221436
holdout_sku_rmspe,0.087133
holdout_sku_benchmark_rmspe,0.071888
holdout_sku_corr,0.587322
holdout_sku_benchmark_corr,0.686009
holdout_sku_n,210
holdout_sku_beta,-0.282639
holdout_sku_sigma,0.855970
promo_holdout_rmspe,0.005267
promo_holdout_benchmark_rmspe,0.005077
promo_holdout_corr,-0.003867
panel_price_coefficient,-0.000387
panel_sigma,0.088023
panel_corr_price_units,0.013749
promo_lift_actual,0.000032
promo_lift_predicted,-0.000000
promo_lift_rmse,0.081248
