product,Allmax Nutrition,BSN,Body Nutrition,Dymatize,Grenade,ONE,Optimum Nutrition,Pro Supps,Quest Nutrition
Allmax Nutrition,-2.435309,0.793072,0.164357,0.405880,0.000045,0.000032,0.584692,0.019644,0.000307
BSN,0.073790,-2.088623,0.148699,0.367213,0.034674,0.024746,0.528991,0.017772,0.236841
Body Nutrition,0.081560,0.793072,-3.083909,0.405880,0.000045,0.000032,0.584692,0.019644,0.000307
Dymatize,0.081560,0.793072,0.164357,-2.197036,0.000045,0.000032,0.584692,0.019644,0.000307
Grenade,0.000069,1.748120,0.000139,0.000343,-3.659453,0.259229,0.000494,0.000017,2.481091
ONE,0.000069,1.748120,0.000139,0.000343,0.363235,-4.946602,0.000494,0.000017,2.481091
Optimum Nutrition,0.081560,0.793072,0.164357,0.405880,0.000045,0.000032,-1.653095,0.019644,0.000307
Pro Supps,0.081560,0.793072,0.164357,0.405880,0.000045,0.000032,0.584692,-1.550710,0.000307
Quest Nutrition,0.000069,1.748120,0.000139,0.000343,0.363235,0.259229,0.000494,0.000017,-2.896833
