product,BSN -Salted Caramel,Dymatize -Chocolate Caramel,BSN -Caramel Chocolate Crunch,BSN -Caramel Chocolate Crunch,Isopure -Vanilla Salted Caramel,Xtend -Salted Caramel Shake,Xtend -Salted Caramel Shake,Allmax Nutrition -Caramel Macchiato,FINAFLEX -Vanilla Caramel Ice Cream,Quest Nutrition -Chocolate Caramel Pecan,Quest Nutrition -Vanilla Caramel,Primeval Labs -Caramel Latte,FINAFLEX -Vanilla Caramel,Garden Of Life -Sea Salt Caramel,Grenade -Caramel Chaos,Grenade -Caramel Chaos,ONE -Salted Caramel,OhYeah! Nutrition -Chocolate & Caramel,OhYeah! Nutrition -Cookie Caramel Crunch,OhYeah! Nutrition -Peanut Butter & Caramel,MuscleMeds -Vanilla Caramel,MuscleMeds -Vanilla Caramel,PEScience -Caramel Macchiato
BSN -Salted Caramel,-1.718948,0.364635,0.000152,0.000064,0.224745,0.047351,0.030274,0.129429,0.025716,0.000016,0.000021,0.004554,0.007683,0.000008,0.000057,0.000045,0.000032,0.000241,0.000241,0.000241,0.301135,0.233891,0.035667
Dymatize -Chocolate Caramel,0.582803,-2.582467,0.000152,0.000064,0.224745,0.047351,0.030274,0.129429,0.025716,0.000016,0.000021,0.004554,0.007683,0.000008,0.000057,0.000045,0.000032,0.000241,0.000241,0.000241,0.301135,0.233891,0.035667
BSN -Caramel Chocolate Crunch,0.000310,0.000194,-9.987288,0.311396,0.000120,0.000025,0.000016,0.000069,0.000014,0.077860,0.104644,0.000002,0.000004,0.038930,0.281195,0.220015,0.157017,1.179230,1.179230,1.179230,0.000160,0.000124,0.000019
BSN -Caramel Chocolate Crunch,0.000310,0.000194,0.747050,-4.163038,0.000120,0.000025,0.000016,0.000069,0.000014,0.077860,0.104644,0.000002,0.000004,0.038930,0.281195,0.220015,0.157017,1.179230,1.179230,1.179230,0.000160,0.000124,0.000019
Isopure -Vanilla Salted Caramel,0.582803,0.364635,0.000152,0.000064,-3.432244,0.047351,0.030274,0.129429,0.025716,0.000016,0.000021,0.004554,0.007683,0.000008,0.000057,0.000045,0.000032,0.000241,0.000241,0.000241,0.301135,0.233891,0.035667
Xtend -Salted Caramel Shake,0.582803,0.364635,0.000152,0.000064,0.224745,-2.577076,0.030274,0.129429,0.025716,0.000016,0.000021,0.004554,0.007683,0.000008,0.000057,0.000045,0.000032,0.000241,0.000241,0.000241,0.301135,0.233891,0.035667
Xtend -Salted Caramel Shake,0.582803,0.364635,0.000152,0.000064,0.224745,0.047351,-1.647639,0.129429,0.025716,0.000016,0.000021,0.004554,0.007683,0.000008,0.000057,0.000045,0.000032,0.000241,0.000241,0.000241,0.301135,0.233891,0.035667
Allmax Nutrition -Caramel Macchiato,0.582803,0.364635,0.000152,0.000064,0.224745,0.047351,0.030274,-2.387440,0.025716,0.000016,0.000021,0.004554,0.007683,0.000008,0.000057,0.000045,0.000032,0.000241,0.000241,0.000241,0.301135,0.233891,0.035667
FINAFLEX -Vanilla Caramel Ice Cream,0.582803,0.364635,0.000152,0.000064,0.224745,0.047351,0.030274,0.129429,-1.609173,0.000016,0.000021,0.004554,0.007683,0.000008,0.000057,0.000045,0.000032,0.000241,0.000241,0.000241,0.301135,0.233891,0.035667
Quest Nutrition -Chocolate Caramel Pecan,0.000310,0.000194,0.747050,0.311396,0.000120,0.000025,0.000016,0.000069,0.000014,-5.300065,0.104644,0.000002,0.000004,0.038930,0.281195,0.220015,0.157017,1.179230,1.179230,1.179230,0.000160,0.000124,0.000019
Quest Nutrition -Vanilla Caramel,0.000310,0.000194,0.747050,0.311396,0.000120,0.000025,0.000016,0.000069,0.000014,0.077860,-7.123287,0.000002,0.000004,0.038930,0.281195,0.220015,0.157017,1.179230,1.179230,1.179230,0.000160,0.000124,0.000019
Primeval Labs -Caramel Latte,0.582803,0.364635,0.000152,0.000064,0.224745,0.047351,0.030274,0.129429,0.025716,0.000016,0.000021,-3.071619,0.007683,0.000008,0.000057,0.000045,0.000032,0.000241,0.000241,0.000241,0.301135,0.233891,0.035667
FINAFLEX -Vanilla Caramel,0.582803,0.364635,0.000152,0.000064,0.224745,0.047351,0.030274,0.129429,0.025716,0.000016,0.000021,0.004554,-4.144075,0.000008,0.000057,0.000045,0.000032,0.000241,0.000241,0.000241,0.301135,0.233891,0.035667
Garden Of Life -Sea Salt Caramel,0.000310,0.000194,0.747050,0.311396,0.000120,0.000025,0.000016,0.000069,0.000014,0.077860,0.104644,0.000002,0.000004,-8.027957,0.281195,0.220015,0.157017,1.179230,1.179230,1.179230,0.000160,0.000124,0.000019
Grenade -Caramel Chaos,0.000310,0.000194,0.747050,0.311396,0.000120,0.000025,0.000016,0.000069,0.000014,0.077860,0.104644,0.000002,0.000004,0.038930,-4.860101,0.220015,0.157017,1.179230,1.179230,1.179230,0.000160,0.000124,0.000019
Grenade -Caramel Chaos,0.000310,0.000194,0.747050,0.311396,0.000120,0.000025,0.000016,0.000069,0.000014,0.077860,0.104644,0.000002,0.000004,0.038930,0.281195,-3.802673,0.157017,1.179230,1.179230,1.179230,0.000160,0.000124,0.000019
ONE -Salted Caramel,0.000310,0.000194,0.747050,0.311396,0.000120,0.000025,0.000016,0.000069,0.000014,0.077860,0.104644,0.000002,0.000004,0.038930,0.281195,0.220015,-5.048814,1.179230,1.179230,1.179230,0.000160,0.000124,0.000019
OhYeah! Nutrition -Chocolate & Caramel,0.000310,0.000194,0.747050,0.311396,0.000120,0.000025,0.000016,0.000069,0.000014,0.077860,0.104644,0.000002,0.000004,0.038930,0.281195,0.220015,0.157017,-5.639978,1.179230,1.179230,0.000160,0.000124,0.000019
OhYeah! Nutrition -Cookie Caramel Crunch,0.000310,0.000194,0.747050,0.311396,0.000120,0.000025,0.000016,0.000069,0.000014,0.077860,0.104644,0.000002,0.000004,0.038930,0.281195,0.220015,0.157017,1.179230,-5.639978,1.179230,0.000160,0.000124,0.000019
OhYeah! Nutrition -Peanut Butter & Caramel,0.000310,0.000194,0.747050,0.311396,0.000120,0.000025,0.000016,0.000069,0.000014,0.077860,0.104644,0.000002,0.000004,0.038930,0.281195,0.220015,0.157017,1.179230,1.179230,-5.639978,0.000160,0.000124,0.000019
MuscleMeds -Vanilla Caramel,0.582803,0.364635,0.000152,0.000064,0.224745,0.047351,0.030274,0.129429,0.025716,0.000016,0.000021,0.004554,0.007683,0.000008,0.000057,0.000045,0.000032,0.000241,0.000241,0.000241,-1.914570,0.233891,0.035667
MuscleMeds -Vanilla Caramel,0.582803,0.364635,0.000152,0.000064,0.224745,0.047351,0.030274,0.129429,0.025716,0.000016,0.000021,0.004554,0.007683,0.000008,0.000057,0.000045,0.000032,0.000241,0.000241,0.000241,0.301135,-1.487045,0.035667
PEScience -Caramel Macchiato,0.582803,0.364635,0.000152,0.000064,0.224745,0.047351,0.030274,0.129429,0.025716,0.000016,0.000021,0.004554,0.007683,0.000008,0.000057,0.000045,0.000032,0.000241,0.000241,0.000241,0.301135,0.233891,-2.373643
