product,Optimum Nutrition -Mocha Cappuccino,Optimum Nutrition -Peppermint Mocha,Optimum Nutrition -Coffee,Optimum Nutrition -Mocha Cappuccino,Bodybuilding.com Signature -Mocha Cappuccino,Bodybuilding.com Signature -Mocha Cappuccino,Kaged Muscle -Coffee Latte,Quest Nutrition -Mocha Chocolate Chip,Isopure -Espresso,Isopure -Colombian Coffee,Animal -Mocha Cappuccino,Animal -Mocha Cappuccino,Ascent -Cappuccino,Vega -Mocha,Vega -Mocha,Vega -Mocha,Optimum Nutrition -Mocha Creme,Convenient Nutrition -Coffee Cream,MuscleTech -Mocha Cappuccino Swirl,Dymatize -Cafe Mocha,Body Nutrition -Mocha,Body Nutrition -Mocha,PEScience -Iced Mocha,Universal Nutrition -Mocha Cappuccino,Universal Nutrition -Mocha Cappuccino,Pro Supps -Mocha Cappuccino
Optimum Nutrition -Mocha Cappuccino,-1.961521,0.254183,0.202360,0.202360,0.063374,0.047319,0.080727,0.000307,0.019046,0.019759,0.031893,0.025515,0.006601,0.055838,0.053708,0.054583,0.000009,0.000001,0.317479,0.092662,0.041739,0.032409,0.010140,0.016432,0.014938,0.008862
Optimum Nutrition -Peppermint Mocha,0.254183,-1.961521,0.202360,0.202360,0.063374,0.047319,0.080727,0.000307,0.019046,0.019759,0.031893,0.025515,0.006601,0.055838,0.053708,0.054583,0.000009,0.000001,0.317479,0.092662,0.041739,0.032409,0.010140,0.016432,0.014938,0.008862
Optimum Nutrition -Coffee,0.254183,0.254183,-1.561600,0.202360,0.063374,0.047319,0.080727,0.000307,0.019046,0.019759,0.031893,0.025515,0.006601,0.055838,0.053708,0.054583,0.000009,0.000001,0.317479,0.092662,0.041739,0.032409,0.010140,0.016432,0.014938,0.008862
Optimum Nutrition -Mocha Cappuccino,0.254183,0.254183,0.202360,-1.561600,0.063374,0.047319,0.080727,0.000307,0.019046,0.019759,0.031893,0.025515,0.006601,0.055838,0.053708,0.054583,0.000009,0.000001,0.317479,0.092662,0.041739,0.032409,0.010140,0.016432,0.014938,0.008862
Bodybuilding.com Signature -Mocha Cappuccino,0.254183,0.254183,0.202360,0.202360,-1.550003,0.047319,0.080727,0.000307,0.019046,0.019759,0.031893,0.025515,0.006601,0.055838,0.053708,0.054583,0.000009,0.000001,0.317479,0.092662,0.041739,0.032409,0.010140,0.016432,0.014938,0.008862
Bodybuilding.com Signature -Mocha Cappuccino,0.254183,0.254183,0.202360,0.202360,0.063374,-1.157336,0.080727,0.000307,0.019046,0.019759,0.031893,0.025515,0.006601,0.055838,0.053708,0.054583,0.000009,0.000001,0.317479,0.092662,0.041739,0.032409,0.010140,0.016432,0.014938,0.008862
Kaged Muscle -Coffee Latte,0.254183,0.254183,0.202360,0.202360,0.063374,0.047319,-2.221025,0.000307,0.019046,0.019759,0.031893,0.025515,0.006601,0.055838,0.053708,0.054583,0.000009,0.000001,0.317479,0.092662,0.041739,0.032409,0.010140,0.016432,0.014938,0.008862
Quest Nutrition -Mocha Chocolate Chip,0.000476,0.000476,0.000379,0.000379,0.000119,0.000089,0.000151,-1.063083,0.000036,0.000037,0.000060,0.000048,0.000012,0.000105,0.000101,0.000102,0.133011,0.019871,0.000594,0.000173,0.000078,0.000061,0.000019,0.000031,0.000028,0.000017
Isopure -Espresso,0.254183,0.254183,0.202360,0.202360,0.063374,0.047319,0.080727,0.000307,-4.003641,0.019759,0.031893,0.025515,0.006601,0.055838,0.053708,0.054583,0.000009,0.000001,0.317479,0.092662,0.041739,0.032409,0.010140,0.016432,0.014938,0.008862
Isopure -Colombian Coffee,0.254183,0.254183,0.202360,0.202360,0.063374,0.047319,0.080727,0.000307,0.019046,-4.153510,0.031893,0.025515,0.006601,0.055838,0.053708,0.054583,0.000009,0.000001,0.317479,0.092662,0.041739,0.032409,0.010140,0.016432,0.014938,0.008862
Animal -Mocha Cappuccino,0.254183,0.254183,0.202360,0.202360,0.063374,0.047319,0.080727,0.000307,0.019046,0.019759,-2.764628,0.025515,0.006601,0.055838,0.053708,0.054583,0.000009,0.000001,0.317479,0.092662,0.041739,0.032409,0.010140,0.016432,0.014938,0.008862
Animal -Mocha Cappuccino,0.254183,0.254183,0.202360,0.202360,0.063374,0.047319,0.080727,0.000307,0.019046,0.019759,0.031893,-2.211702,0.006601,0.055838,0.053708,0.054583,0.000009,0.000001,0.317479,0.092662,0.041739,0.032409,0.010140,0.016432,0.014938,0.008862
Ascent -Cappuccino,0.254183,0.254183,0.202360,0.202360,0.063374,0.047319,0.080727,0.000307,0.019046,0.019759,0.031893,0.025515,-3.005036,0.055838,0.053708,0.054583,0.000009,0.000001,0.317479,0.092662,0.041739,0.032409,0.010140,0.016432,0.014938,0.008862
Vega -Mocha,0.254183,0.254183,0.202360,0.202360,0.063374,0.047319,0.080727,0.000307,0.019046,0.019759,0.031893,0.025515,0.006601,-7.838955,0.053708,0.054583,0.000009,0.000001,0.317479,0.092662,0.041739,0.032409,0.010140,0.016432,0.014938,0.008862
Vega -Mocha,0.254183,0.254183,0.202360,0.202360,0.063374,0.047319,0.080727,0.000307,0.019046,0.019759,0.031893,0.025515,0.006601,0.055838,-7.539921,0.054583,0.000009,0.000001,0.317479,0.092662,0.041739,0.032409,0.010140,0.016432,0.014938,0.008862
Vega -Mocha,0.254183,0.254183,0.202360,0.202360,0.063374,0.047319,0.080727,0.000307,0.019046,0.019759,0.031893,0.025515,0.006601,0.055838,0.053708,-11.196035,0.000009,0.000001,0.317479,0.092662,0.041739,0.032409,0.010140,0.016432,0.014938,0.008862
Optimum Nutrition -Mocha Creme,0.000476,0.000476,0.000379,0.000379,0.000119,0.000089,0.000151,4.314842,0.000036,0.000037,0.000060,0.000048,0.000012,0.000105,0.000101,0.000102,-5.352472,0.019871,0.000594,0.000173,0.000078,0.000061,0.000019,0.000031,0.000028,0.000017
Convenient Nutrition -Coffee Cream,0.000476,0.000476,0.000379,0.000379,0.000119,0.000089,0.000151,4.314842,0.000036,0.000037,0.000060,0.000048,0.000012,0.000105,0.000101,0.000102,0.133011,-4.282469,0.000594,0.000173,0.000078,0.000061,0.000019,0.000031,0.000028,0.000017
MuscleTech -Mocha Cappuccino Swirl,0.254183,0.254183,0.202360,0.202360,0.063374,0.047319,0.080727,0.000307,0.019046,0.019759,0.031893,0.025515,0.006601,0.055838,0.053708,0.054583,0.000009,0.000001,-2.780205,0.092662,0.041739,0.032409,0.010140,0.016432,0.014938,0.008862
Dymatize -Cafe Mocha,0.254183,0.254183,0.202360,0.202360,0.063374,0.047319,0.080727,0.000307,0.019046,0.019759,0.031893,0.025515,0.006601,0.055838,0.053708,0.054583,0.000009,0.000001,0.317479,-1.821879,0.041739,0.032409,0.010140,0.016432,0.014938,0.008862
Body Nutrition -Mocha,0.254183,0.254183,0.202360,0.202360,0.063374,0.047319,0.080727,0.000307,0.019046,0.019759,0.031893,0.025515,0.006601,0.055838,0.053708,0.054583,0.000009,0.000001,0.317479,0.092662,-3.615249,0.032409,0.010140,0.016432,0.014938,0.008862
Body Nutrition -Mocha,0.254183,0.254183,0.202360,0.202360,0.063374,0.047319,0.080727,0.000307,0.019046,0.019759,0.031893,0.025515,0.006601,0.055838,0.053708,0.054583,0.000009,0.000001,0.317479,0.092662,0.041739,-2.807135,0.010140,0.016432,0.014938,0.008862
PEScience -Iced Mocha,0.254183,0.254183,0.202360,0.202360,0.063374,0.047319,0.080727,0.000307,0.019046,0.019759,0.031893,0.025515,0.006601,0.055838,0.053708,0.054583,0.000009,0.000001,0.317479,0.092662,0.041739,0.032409,-2.399170,0.016432,0.014938,0.008862
Universal Nutrition -Mocha Cappuccino,0.254183,0.254183,0.202360,0.202360,0.063374,0.047319,0.080727,0.000307,0.019046,0.019759,0.031893,0.025515,0.006601,0.055838,0.053708,0.054583,0.000009,0.000001,0.317479,0.092662,0.041739,0.032409,0.010140,-1.403340,0.014938,0.008862
Universal Nutrition -Mocha Cappuccino,0.254183,0.254183,0.202360,0.202360,0.063374,0.047319,0.080727,0.000307,0.019046,0.019759,0.031893,0.025515,0.006601,0.055838,0.053708,0.054583,0.000009,0.000001,0.317479,0.092662,0.041739,0.032409,0.010140,0.016432,-1.275764,0.008862
Pro Supps -Mocha Cappuccino,0.254183,0.254183,0.202360,0.202360,0.063374,0.047319,0.080727,0.000307,0.019046,0.019759,0.031893,0.025515,0.006601,0.055838,0.053708,0.054583,0.000009,0.000001,0.317479,0.092662,0.041739,0.032409,0.010140,0.016432,0.014938,-1.561492
