product,Optimum Nutrition -Birthday Cake,BSN -Birthday Cake Remix,BSN -Birthday Cake Remix,Dymatize -Birthday Cake,Dymatize -Birthday Cake,BSN -Birthday Cake Remix,BSN -Birthday Cake Remix,Optimum Nutrition -Birthday Cake,Optimum Nutrition -Birthday Cake,Optimum Nutrition -Birthday Cake,Quest Nutrition -Birthday Cake,Allmax Nutrition -Birthday Cake,Grenade -Birthday Cake,ONE -Birthday Cake,Body Nutrition -Birthday Cake,Body Nutrition -Birthday Cake,Pro Supps -Birthday Cake
Optimum Nutrition -Birthday Cake,-1.652285,0.411873,0.380983,0.229775,0.176105,0.000152,0.000064,0.006873,0.006020,0.008378,0.000307,0.081560,0.000045,0.000032,0.092519,0.071838,0.019644
BSN -Birthday Cake Remix,0.563420,-2.169531,0.380983,0.229775,0.176105,0.000152,0.000064,0.006873,0.006020,0.008378,0.000307,0.081560,0.000045,0.000032,0.092519,0.071838,0.019644
BSN -Birthday Cake Remix,0.563420,0.411873,-2.006816,0.229775,0.176105,0.000152,0.000064,0.006873,0.006020,0.008378,0.000307,0.081560,0.000045,0.000032,0.092519,0.071838,0.019644
Dymatize -Birthday Cake,0.563420,0.411873,0.380983,-2.717328,0.176105,0.000152,0.000064,0.006873,0.006020,0.008378,0.000307,0.081560,0.000045,0.000032,0.092519,0.071838,0.019644
Dymatize -Birthday Cake,0.563420,0.411873,0.380983,0.229775,-2.082623,0.000152,0.000064,0.006873,0.006020,0.008378,0.000307,0.081560,0.000045,0.000032,0.092519,0.071838,0.019644
BSN -Birthday Cake Remix,0.000476,0.000348,0.000322,0.000194,0.000149,-9.500989,0.514101,0.000006,0.000005,0.000007,2.481091,0.000069,0.363235,0.259229,0.000078,0.000061,0.000017
BSN -Birthday Cake Remix,0.000476,0.000348,0.000322,0.000194,0.000149,1.233349,-3.960332,0.000006,0.000005,0.000007,2.481091,0.000069,0.363235,0.259229,0.000078,0.000061,0.000017
Optimum Nutrition -Birthday Cake,0.563420,0.411873,0.380983,0.229775,0.176105,0.000152,0.000064,-2.940229,0.006020,0.008378,0.000307,0.081560,0.000045,0.000032,0.092519,0.071838,0.019644
Optimum Nutrition -Birthday Cake,0.563420,0.411873,0.380983,0.229775,0.176105,0.000152,0.000064,0.006873,-2.575383,0.008378,0.000307,0.081560,0.000045,0.000032,0.092519,0.071838,0.019644
Optimum Nutrition -Birthday Cake,0.563420,0.411873,0.380983,0.229775,0.176105,0.000152,0.000064,0.006873,0.006020,-3.584075,0.000307,0.081560,0.000045,0.000032,0.092519,0.071838,0.019644
Quest Nutrition -Birthday Cake,0.000476,0.000348,0.000322,0.000194,0.000149,1.233349,0.514101,0.000006,0.000005,0.000007,-2.896833,0.000069,0.363235,0.259229,0.000078,0.000061,0.000017
Allmax Nutrition -Birthday Cake,0.563420,0.411873,0.380983,0.229775,0.176105,0.000152,0.000064,0.006873,0.006020,0.008378,0.000307,-2.435309,0.000045,0.000032,0.092519,0.071838,0.019644
Grenade -Birthday Cake,0.000476,0.000348,0.000322,0.000194,0.000149,1.233349,0.514101,0.000006,0.000005,0.000007,2.481091,0.000069,-3.659453,0.259229,0.000078,0.000061,0.000017
ONE -Birthday Cake,0.000476,0.000348,0.000322,0.000194,0.000149,1.233349,0.514101,0.000006,0.000005,0.000007,2.481091,0.000069,0.363235,-4.946602,0.000078,0.000061,0.000017
Body Nutrition -Birthday Cake,0.563420,0.411873,0.380983,0.229775,0.176105,0.000152,0.000064,0.006873,0.006020,0.008378,0.000307,0.081560,0.000045,0.000032,-3.564470,0.071838,0.019644
Body Nutrition -Birthday Cake,0.563420,0.411873,0.380983,0.229775,0.176105,0.000152,0.000064,0.006873,0.006020,0.008378,0.000307,0.081560,0.000045,0.000032,0.092519,-2.767706,0.019644
Pro Supps -Birthday Cake,0.563420,0.411873,0.380983,0.229775,0.176105,0.000152,0.000064,0.006873,0.006020,0.008378,0.000307,0.081560,0.000045,0.000032,0.092519,0.071838,-1.550710
